image_id,vg_vehicle_objs,clip_count_pred,confidence,max_softmax,image_path
1,3,2,0.0923057,0.218919978,C:\Users\ilios\Desktop\images\1.jpg
2,2,1,0.015059578,0.150185406,C:\Users\ilios\Desktop\images\2.jpg
16,1,4,0.117577582,0.250560939,C:\Users\ilios\Desktop\images\16.jpg
22,5,1,0.095938411,0.314369321,C:\Users\ilios\Desktop\images\22.jpg
23,2,7,0.069909482,0.157886833,C:\Users\ilios\Desktop\images\23.jpg
24,1,7,0.018264251,0.130166501,C:\Users\ilios\Desktop\images\24.jpg
25,3,3,0.028492338,0.159290969,C:\Users\ilios\Desktop\images\25.jpg
26,2,1,0.011324555,0.109834582,C:\Users\ilios\Desktop\images\26.jpg
34,1,0,0.041273146,0.21365276,C:\Users\ilios\Desktop\images\34.jpg
45,4,0,0.036817069,0.227291808,C:\Users\ilios\Desktop\images\45.jpg
47,3,0,0.024832283,0.17574589,C:\Users\ilios\Desktop\images\47.jpg
48,5,2,0.016118489,0.118651487,C:\Users\ilios\Desktop\images\48.jpg
49,2,7,0.007991919,0.122745268,C:\Users\ilios\Desktop\images\49.jpg
53,2,1,0.040810108,0.181911141,C:\Users\ilios\Desktop\images\53.jpg
54,1,2,0.025492984,0.138488978,C:\Users\ilios\Desktop\images\54.jpg
57,1,2,0.044915402,0.182917476,C:\Users\ilios\Desktop\images\57.jpg
59,3,2,0.037287961,0.134384349,C:\Users\ilios\Desktop\images\59.jpg
61,1,7,0.022777101,0.133217692,C:\Users\ilios\Desktop\images\61.jpg
65,5,1,0.19200879,0.413845479,C:\Users\ilios\Desktop\images\65.jpg
101,2,2,0.022851275,0.14780505,C:\Users\ilios\Desktop\images\101.jpg
102,2,2,0.022974864,0.140670657,C:\Users\ilios\Desktop\images\102.jpg
103,2,7,0.005336985,0.116430975,C:\Users\ilios\Desktop\images\103.jpg
104,4,1,0.218650694,0.394587904,C:\Users\ilios\Desktop\images\104.jpg
105,5,2,0.015899151,0.136400491,C:\Users\ilios\Desktop\images\105.jpg
108,2,0,0.00179008,0.103668973,C:\Users\ilios\Desktop\images\108.jpg
109,1,7,0.03572465,0.150747463,C:\Users\ilios\Desktop\images\109.jpg
113,1,6,0.011475289,0.129277512,C:\Users\ilios\Desktop\images\113.jpg
126,1,1,0.014977649,0.124079429,C:\Users\ilios\Desktop\images\126.jpg
132,1,1,0.015078768,0.137990057,C:\Users\ilios\Desktop\images\132.jpg
137,3,2,0.004047102,0.128628656,C:\Users\ilios\Desktop\images\137.jpg
138,3,1,0.11193105,0.296714097,C:\Users\ilios\Desktop\images\138.jpg
145,4,2,0.0679586,0.209919289,C:\Users\ilios\Desktop\images\145.jpg
165,1,7,0.008229254,0.130897745,C:\Users\ilios\Desktop\images\165.jpg
171,3,1,0.100325882,0.297265977,C:\Users\ilios\Desktop\images\171.jpg
192,6,2,0.036970387,0.131596386,C:\Users\ilios\Desktop\images\192.jpg
198,1,1,0.1397825,0.360218227,C:\Users\ilios\Desktop\images\198.jpg
201,1,2,0.059190518,0.20121026,C:\Users\ilios\Desktop\images\201.jpg
203,9,7,0.02767285,0.127163917,C:\Users\ilios\Desktop\images\203.jpg
205,2,2,0.047485722,0.184350654,C:\Users\ilios\Desktop\images\205.jpg
215,1,0,0.073140205,0.213340715,C:\Users\ilios\Desktop\images\215.jpg
217,12,10,0.016699648,0.147889808,C:\Users\ilios\Desktop\images\217.jpg
222,3,2,0.061774062,0.224120811,C:\Users\ilios\Desktop\images\222.jpg
224,4,2,0.065981071,0.213393748,C:\Users\ilios\Desktop\images\224.jpg
225,1,9,0.021729724,0.122301318,C:\Users\ilios\Desktop\images\225.jpg
229,3,0,0.007506907,0.127043396,C:\Users\ilios\Desktop\images\229.jpg
231,1,2,0.069660911,0.247923329,C:\Users\ilios\Desktop\images\231.jpg
236,2,2,0.016199523,0.131158665,C:\Users\ilios\Desktop\images\236.jpg
243,9,9,0.168672825,0.224240854,C:\Users\ilios\Desktop\images\243.jpg
246,2,4,0.031326839,0.152238607,C:\Users\ilios\Desktop\images\246.jpg
248,1,2,0.00431526,0.118077219,C:\Users\ilios\Desktop\images\248.jpg
250,3,7,0.036059326,0.143800005,C:\Users\ilios\Desktop\images\250.jpg
253,1,2,0.069207717,0.22044301,C:\Users\ilios\Desktop\images\253.jpg
261,2,2,0.013500245,0.139761895,C:\Users\ilios\Desktop\images\261.jpg
262,3,2,0.101992996,0.219284832,C:\Users\ilios\Desktop\images\262.jpg
269,1,1,0.070321811,0.201301053,C:\Users\ilios\Desktop\images\269.jpg
270,3,2,0.024514908,0.137801498,C:\Users\ilios\Desktop\images\270.jpg
271,3,0,0.040143243,0.210321814,C:\Users\ilios\Desktop\images\271.jpg
273,3,1,0.012052867,0.126225054,C:\Users\ilios\Desktop\images\273.jpg
276,3,2,0.032834271,0.178842634,C:\Users\ilios\Desktop\images\276.jpg
279,2,2,0.010604496,0.124377079,C:\Users\ilios\Desktop\images\279.jpg
280,1,1,0.157578569,0.410005838,C:\Users\ilios\Desktop\images\280.jpg
282,1,2,0.016948318,0.127858594,C:\Users\ilios\Desktop\images\282.jpg
290,4,4,0.061523503,0.161177382,C:\Users\ilios\Desktop\images\290.jpg
294,3,2,0.086831279,0.228504986,C:\Users\ilios\Desktop\images\294.jpg
301,4,4,0.064063099,0.184396088,C:\Users\ilios\Desktop\images\301.jpg
302,1,4,0.087815121,0.176558018,C:\Users\ilios\Desktop\images\302.jpg
303,2,9,0.027958507,0.137880892,C:\Users\ilios\Desktop\images\303.jpg
304,1,2,0.011952345,0.144703269,C:\Users\ilios\Desktop\images\304.jpg
306,1,4,0.011414637,0.115209155,C:\Users\ilios\Desktop\images\306.jpg
308,1,2,0.015856695,0.128266826,C:\Users\ilios\Desktop\images\308.jpg
310,1,2,0.012692788,0.132099643,C:\Users\ilios\Desktop\images\310.jpg
311,1,6,0.027807674,0.136420697,C:\Users\ilios\Desktop\images\311.jpg
313,2,4,0.015787592,0.119378246,C:\Users\ilios\Desktop\images\313.jpg
314,2,6,0.044850177,0.138191074,C:\Users\ilios\Desktop\images\314.jpg
316,2,1,0.212260688,0.398896903,C:\Users\ilios\Desktop\images\316.jpg
317,1,4,0.033381424,0.145180836,C:\Users\ilios\Desktop\images\317.jpg
318,1,2,0.074054249,0.243182287,C:\Users\ilios\Desktop\images\318.jpg
320,1,0,0.14652483,0.386560261,C:\Users\ilios\Desktop\images\320.jpg
321,2,2,0.010171684,0.152381778,C:\Users\ilios\Desktop\images\321.jpg
323,2,2,0.031344835,0.20406121,C:\Users\ilios\Desktop\images\323.jpg
327,3,2,0.008444317,0.128662214,C:\Users\ilios\Desktop\images\327.jpg
338,1,0,0.095319072,0.317931801,C:\Users\ilios\Desktop\images\338.jpg
340,1,1,0.012126743,0.118748263,C:\Users\ilios\Desktop\images\340.jpg
341,1,0,0.023260521,0.182249755,C:\Users\ilios\Desktop\images\341.jpg
343,1,1,0.063055493,0.237804711,C:\Users\ilios\Desktop\images\343.jpg
345,2,2,0.07044192,0.201272458,C:\Users\ilios\Desktop\images\345.jpg
355,3,2,0.022855649,0.167582676,C:\Users\ilios\Desktop\images\355.jpg
361,2,2,0.0319074,0.177240133,C:\Users\ilios\Desktop\images\361.jpg
362,4,2,0.022035366,0.137483165,C:\Users\ilios\Desktop\images\362.jpg
365,1,2,0.115412631,0.308566421,C:\Users\ilios\Desktop\images\365.jpg
366,1,2,0.004240888,0.117534414,C:\Users\ilios\Desktop\images\366.jpg
368,3,1,0.034152789,0.184007049,C:\Users\ilios\Desktop\images\368.jpg
400,3,7,0.009907205,0.122377507,C:\Users\ilios\Desktop\images\400.jpg
401,2,1,0.011331316,0.128566399,C:\Users\ilios\Desktop\images\401.jpg
422,2,9,0.021559304,0.124844819,C:\Users\ilios\Desktop\images\422.jpg
423,2,2,0.062380674,0.189403147,C:\Users\ilios\Desktop\images\423.jpg
426,3,2,0.013606732,0.160338268,C:\Users\ilios\Desktop\images\426.jpg
427,1,1,0.008988488,0.122732766,C:\Users\ilios\Desktop\images\427.jpg
428,4,1,0.026568401,0.148511097,C:\Users\ilios\Desktop\images\428.jpg
429,2,1,0.023905513,0.153967038,C:\Users\ilios\Desktop\images\429.jpg
435,1,2,0.021293134,0.139632016,C:\Users\ilios\Desktop\images\435.jpg
438,5,2,0.041333797,0.180625185,C:\Users\ilios\Desktop\images\438.jpg
439,2,1,0.055040083,0.224479511,C:\Users\ilios\Desktop\images\439.jpg
445,1,0,0.007312823,0.132565871,C:\Users\ilios\Desktop\images\445.jpg
451,5,2,0.019466339,0.168303445,C:\Users\ilios\Desktop\images\451.jpg
452,1,1,0.032732158,0.179104522,C:\Users\ilios\Desktop\images\452.jpg
455,1,2,0.051168545,0.220713064,C:\Users\ilios\Desktop\images\455.jpg
456,1,0,0.03242214,0.191999078,C:\Users\ilios\Desktop\images\456.jpg
457,2,2,0.022718041,0.16915144,C:\Users\ilios\Desktop\images\457.jpg
458,3,2,0.008836562,0.134200394,C:\Users\ilios\Desktop\images\458.jpg
459,5,2,0.004274097,0.118655048,C:\Users\ilios\Desktop\images\459.jpg
460,3,2,0.047980975,0.175120503,C:\Users\ilios\Desktop\images\460.jpg
462,3,2,0.044289998,0.168436766,C:\Users\ilios\Desktop\images\462.jpg
463,1,0,0.012231441,0.141498193,C:\Users\ilios\Desktop\images\463.jpg
464,2,2,0.092884869,0.226639658,C:\Users\ilios\Desktop\images\464.jpg
469,6,5,0.007728533,0.113932729,C:\Users\ilios\Desktop\images\469.jpg
471,3,9,0.016328382,0.130053326,C:\Users\ilios\Desktop\images\471.jpg
477,7,2,0.019699896,0.159691587,C:\Users\ilios\Desktop\images\477.jpg
479,1,3,0.084193447,0.189749643,C:\Users\ilios\Desktop\images\479.jpg
530,1,2,0.046962133,0.193148613,C:\Users\ilios\Desktop\images\530.jpg
539,1,1,0.020377499,0.162439644,C:\Users\ilios\Desktop\images\539.jpg
546,1,1,0.135434004,0.310442895,C:\Users\ilios\Desktop\images\546.jpg
581,6,10,0.071152733,0.157503754,C:\Users\ilios\Desktop\images\581.jpg
585,5,5,0.013576307,0.112050876,C:\Users\ilios\Desktop\images\585.jpg
587,2,2,0.039615875,0.164171115,C:\Users\ilios\Desktop\images\587.jpg
588,1,6,0.067041772,0.157852605,C:\Users\ilios\Desktop\images\588.jpg
589,3,4,0.011802109,0.120963506,C:\Users\ilios\Desktop\images\589.jpg
590,1,0,0.028815579,0.153979212,C:\Users\ilios\Desktop\images\590.jpg
594,1,0,0.108703609,0.23333326,C:\Users\ilios\Desktop\images\594.jpg
596,3,2,0.004952297,0.128011003,C:\Users\ilios\Desktop\images\596.jpg
597,3,2,0.015764326,0.15495728,C:\Users\ilios\Desktop\images\597.jpg
599,1,2,0.033709637,0.141081959,C:\Users\ilios\Desktop\images\599.jpg
600,1,7,0.015925897,0.118983865,C:\Users\ilios\Desktop\images\600.jpg
601,5,9,0.019609217,0.120715156,C:\Users\ilios\Desktop\images\601.jpg
604,1,2,0.038614533,0.179198906,C:\Users\ilios\Desktop\images\604.jpg
605,1,0,0.171344712,0.383351535,C:\Users\ilios\Desktop\images\605.jpg
606,4,2,0.021338175,0.174312577,C:\Users\ilios\Desktop\images\606.jpg
608,3,2,0.009969249,0.1312204,C:\Users\ilios\Desktop\images\608.jpg
610,2,7,0.027740461,0.134477794,C:\Users\ilios\Desktop\images\610.jpg
611,3,7,0.028078418,0.1291866,C:\Users\ilios\Desktop\images\611.jpg
612,5,7,0.051347119,0.143221334,C:\Users\ilios\Desktop\images\612.jpg
618,8,2,0.032362583,0.136305377,C:\Users\ilios\Desktop\images\618.jpg
619,3,1,0.08657535,0.226945534,C:\Users\ilios\Desktop\images\619.jpg
620,2,7,0.042775606,0.15272966,C:\Users\ilios\Desktop\images\620.jpg
621,2,7,0.031953237,0.149909645,C:\Users\ilios\Desktop\images\621.jpg
624,1,0,0.073316789,0.292029977,C:\Users\ilios\Desktop\images\624.jpg
625,3,2,0.025405985,0.150158688,C:\Users\ilios\Desktop\images\625.jpg
626,6,7,0.040903869,0.138297468,C:\Users\ilios\Desktop\images\626.jpg
627,2,0,0.028177647,0.169857547,C:\Users\ilios\Desktop\images\627.jpg
629,2,7,0.013227513,0.11870753,C:\Users\ilios\Desktop\images\629.jpg
630,2,7,0.00528568,0.115382545,C:\Users\ilios\Desktop\images\630.jpg
633,3,7,0.014555676,0.125335291,C:\Users\ilios\Desktop\images\633.jpg
636,1,4,0.008196244,0.123363331,C:\Users\ilios\Desktop\images\636.jpg
644,1,1,0.057341947,0.160481304,C:\Users\ilios\Desktop\images\644.jpg
646,1,9,0.041161687,0.138062119,C:\Users\ilios\Desktop\images\646.jpg
647,4,2,0.005595299,0.116199084,C:\Users\ilios\Desktop\images\647.jpg
677,1,2,0.03812117,0.161584601,C:\Users\ilios\Desktop\images\677.jpg
692,1,1,0.420457569,0.615143836,C:\Users\ilios\Desktop\images\692.jpg
698,1,1,0.01706087,0.147753447,C:\Users\ilios\Desktop\images\698.jpg
700,4,8,0.011654757,0.115536973,C:\Users\ilios\Desktop\images\700.jpg
712,1,2,0.050627357,0.199128687,C:\Users\ilios\Desktop\images\712.jpg
713,2,6,0.084702917,0.158349231,C:\Users\ilios\Desktop\images\713.jpg
714,4,6,0.039673345,0.142360568,C:\Users\ilios\Desktop\images\714.jpg
721,2,0,0.02310253,0.181498125,C:\Users\ilios\Desktop\images\721.jpg
723,1,2,0.008725003,0.132994175,C:\Users\ilios\Desktop\images\723.jpg
725,4,7,0.034028006,0.13002643,C:\Users\ilios\Desktop\images\725.jpg
726,2,1,0.022083092,0.143436566,C:\Users\ilios\Desktop\images\726.jpg
737,2,2,0.007875687,0.126449794,C:\Users\ilios\Desktop\images\737.jpg
741,1,0,0.103255039,0.320432752,C:\Users\ilios\Desktop\images\741.jpg
743,1,4,0.010125749,0.116323113,C:\Users\ilios\Desktop\images\743.jpg
747,1,2,0.0660804,0.199910447,C:\Users\ilios\Desktop\images\747.jpg
749,1,2,0.037593902,0.187206104,C:\Users\ilios\Desktop\images\749.jpg
753,1,2,0.03972296,0.15440613,C:\Users\ilios\Desktop\images\753.jpg
757,1,2,0.025695917,0.170945451,C:\Users\ilios\Desktop\images\757.jpg
760,1,2,0.056715549,0.230799094,C:\Users\ilios\Desktop\images\760.jpg
762,1,6,0.043642521,0.135773197,C:\Users\ilios\Desktop\images\762.jpg
763,3,2,0.018951101,0.127147391,C:\Users\ilios\Desktop\images\763.jpg
764,1,7,0.004007629,0.112410024,C:\Users\ilios\Desktop\images\764.jpg
765,1,7,0.005603353,0.114227302,C:\Users\ilios\Desktop\images\765.jpg
766,1,7,0.013918738,0.130014151,C:\Users\ilios\Desktop\images\766.jpg
767,2,7,0.010132311,0.122488908,C:\Users\ilios\Desktop\images\767.jpg
768,1,7,0.039986047,0.133881941,C:\Users\ilios\Desktop\images\768.jpg
770,3,9,0.036328976,0.147254512,C:\Users\ilios\Desktop\images\770.jpg
771,2,7,0.028214436,0.126046792,C:\Users\ilios\Desktop\images\771.jpg
772,7,1,0.003886426,0.108908065,C:\Users\ilios\Desktop\images\772.jpg
773,3,7,0.016773821,0.132037997,C:\Users\ilios\Desktop\images\773.jpg
778,1,2,0.013823983,0.150608048,C:\Users\ilios\Desktop\images\778.jpg
779,1,2,0.008513818,0.12687856,C:\Users\ilios\Desktop\images\779.jpg
782,3,0,0.029175509,0.18090874,C:\Users\ilios\Desktop\images\782.jpg
785,1,0,0.075286463,0.27892983,C:\Users\ilios\Desktop\images\785.jpg
788,4,6,0.033834718,0.149502352,C:\Users\ilios\Desktop\images\788.jpg
790,1,7,0.033062657,0.133384302,C:\Users\ilios\Desktop\images\790.jpg
792,7,7,0.054775803,0.137433082,C:\Users\ilios\Desktop\images\792.jpg
802,3,4,0.016912722,0.128696695,C:\Users\ilios\Desktop\images\802.jpg
804,1,2,0.014020752,0.139657393,C:\Users\ilios\Desktop\images\804.jpg
806,8,8,0.085884622,0.145985112,C:\Users\ilios\Desktop\images\806.jpg
807,3,2,0.144149688,0.349226505,C:\Users\ilios\Desktop\images\807.jpg
809,2,7,0.007968553,0.118534058,C:\Users\ilios\Desktop\images\809.jpg
812,1,0,0.006890651,0.133332193,C:\Users\ilios\Desktop\images\812.jpg
819,3,10,0.037276825,0.147822514,C:\Users\ilios\Desktop\images\819.jpg
820,2,7,0.013379439,0.126209676,C:\Users\ilios\Desktop\images\820.jpg
821,3,1,0.030042723,0.163002804,C:\Users\ilios\Desktop\images\821.jpg
822,3,2,0.029771085,0.158734858,C:\Users\ilios\Desktop\images\822.jpg
823,1,2,0.006070268,0.133431256,C:\Users\ilios\Desktop\images\823.jpg
827,4,9,0.034101583,0.132401377,C:\Users\ilios\Desktop\images\827.jpg
829,2,2,0.059811248,0.19582963,C:\Users\ilios\Desktop\images\829.jpg
833,1,3,0.030635514,0.143975765,C:\Users\ilios\Desktop\images\833.jpg
834,3,7,0.043964669,0.150004163,C:\Users\ilios\Desktop\images\834.jpg
835,4,2,0.042370337,0.158492088,C:\Users\ilios\Desktop\images\835.jpg
836,1,9,0.037762831,0.157060653,C:\Users\ilios\Desktop\images\836.jpg
837,3,1,0.083389171,0.205901101,C:\Users\ilios\Desktop\images\837.jpg
838,1,2,0.06556377,0.202035427,C:\Users\ilios\Desktop\images\838.jpg
839,6,7,0.035762433,0.128928557,C:\Users\ilios\Desktop\images\839.jpg
848,5,3,0.109422774,0.201332361,C:\Users\ilios\Desktop\images\848.jpg
849,4,2,0.103486906,0.186930135,C:\Users\ilios\Desktop\images\849.jpg
850,1,2,0.043959399,0.166855767,C:\Users\ilios\Desktop\images\850.jpg
857,2,1,0.021003997,0.138391376,C:\Users\ilios\Desktop\images\857.jpg
858,7,0,0.007792366,0.133148193,C:\Users\ilios\Desktop\images\858.jpg
861,1,0,0.009994702,0.13980107,C:\Users\ilios\Desktop\images\861.jpg
863,3,2,0.032950602,0.161973134,C:\Users\ilios\Desktop\images\863.jpg
864,1,0,0.051074089,0.201451108,C:\Users\ilios\Desktop\images\864.jpg
867,1,2,0.012287518,0.125714377,C:\Users\ilios\Desktop\images\867.jpg
868,5,7,0.058585099,0.15314354,C:\Users\ilios\Desktop\images\868.jpg
869,1,7,0.058910229,0.136877418,C:\Users\ilios\Desktop\images\869.jpg
871,5,2,0.026013988,0.190702051,C:\Users\ilios\Desktop\images\871.jpg
872,1,2,0.010931018,0.146103784,C:\Users\ilios\Desktop\images\872.jpg
873,1,2,0.01012555,0.1444453,C:\Users\ilios\Desktop\images\873.jpg
874,1,0,0.221784673,0.392107815,C:\Users\ilios\Desktop\images\874.jpg
875,1,0,0.037096164,0.210071862,C:\Users\ilios\Desktop\images\875.jpg
876,6,7,0.031266784,0.132450357,C:\Users\ilios\Desktop\images\876.jpg
887,1,2,0.289644318,0.439044952,C:\Users\ilios\Desktop\images\887.jpg
888,5,1,0.173600043,0.334819227,C:\Users\ilios\Desktop\images\888.jpg
901,2,1,0.084360486,0.294872582,C:\Users\ilios\Desktop\images\901.jpg
913,2,1,0.082963519,0.26215148,C:\Users\ilios\Desktop\images\913.jpg
921,1,2,0.026970787,0.192634523,C:\Users\ilios\Desktop\images\921.jpg
928,2,2,0.087169533,0.231969059,C:\Users\ilios\Desktop\images\928.jpg
953,6,1,0.233624691,0.448429853,C:\Users\ilios\Desktop\images\953.jpg
960,1,1,0.114447679,0.253472924,C:\Users\ilios\Desktop\images\960.jpg
963,3,1,0.121726326,0.285045624,C:\Users\ilios\Desktop\images\963.jpg
985,3,2,0.048005533,0.222087711,C:\Users\ilios\Desktop\images\985.jpg
1010,2,1,0.016288611,0.127477214,C:\Users\ilios\Desktop\images\1010.jpg
1066,1,1,0.068093524,0.285523146,C:\Users\ilios\Desktop\images\1066.jpg
1074,2,3,0.030706207,0.122704349,C:\Users\ilios\Desktop\images\1074.jpg
1099,1,10,0.014944341,0.151771456,C:\Users\ilios\Desktop\images\1099.jpg
1124,2,2,0.086385144,0.280381471,C:\Users\ilios\Desktop\images\1124.jpg
1198,1,1,0.025779039,0.196062833,C:\Users\ilios\Desktop\images\1198.jpg
1228,1,1,0.184156591,0.412107468,C:\Users\ilios\Desktop\images\1228.jpg
1229,1,1,0.025740163,0.174240708,C:\Users\ilios\Desktop\images\1229.jpg
1258,1,1,0.03093181,0.164057687,C:\Users\ilios\Desktop\images\1258.jpg
1259,8,7,0.047558802,0.142978787,C:\Users\ilios\Desktop\images\1259.jpg
1269,1,1,0.040013688,0.172472835,C:\Users\ilios\Desktop\images\1269.jpg
1287,4,7,0.044056441,0.123337373,C:\Users\ilios\Desktop\images\1287.jpg
1317,1,1,0.21556971,0.39423719,C:\Users\ilios\Desktop\images\1317.jpg
1321,1,1,0.080558448,0.246007532,C:\Users\ilios\Desktop\images\1321.jpg
1324,10,2,0.024854655,0.166545019,C:\Users\ilios\Desktop\images\1324.jpg
1380,3,2,0.028044413,0.16855979,C:\Users\ilios\Desktop\images\1380.jpg
1382,3,2,0.023176902,0.147780284,C:\Users\ilios\Desktop\images\1382.jpg
1383,3,2,0.0314031,0.194341615,C:\Users\ilios\Desktop\images\1383.jpg
1385,2,2,0.063918431,0.240537345,C:\Users\ilios\Desktop\images\1385.jpg
1403,3,2,0.029406183,0.169298381,C:\Users\ilios\Desktop\images\1403.jpg
1404,3,2,0.068322308,0.173775584,C:\Users\ilios\Desktop\images\1404.jpg
1405,1,7,0.017880259,0.125608355,C:\Users\ilios\Desktop\images\1405.jpg
1406,2,2,0.1581123,0.263247192,C:\Users\ilios\Desktop\images\1406.jpg
1407,1,2,0.014737033,0.14289692,C:\Users\ilios\Desktop\images\1407.jpg
1408,1,2,0.057830438,0.210906923,C:\Users\ilios\Desktop\images\1408.jpg
1410,4,2,0.12502297,0.223002374,C:\Users\ilios\Desktop\images\1410.jpg
1411,3,4,0.038877322,0.148259178,C:\Users\ilios\Desktop\images\1411.jpg
1412,4,6,0.01944705,0.135652184,C:\Users\ilios\Desktop\images\1412.jpg
1413,1,0,0.014433677,0.163311332,C:\Users\ilios\Desktop\images\1413.jpg
1414,1,2,0.006297064,0.120122254,C:\Users\ilios\Desktop\images\1414.jpg
1415,5,4,0.036953783,0.149140507,C:\Users\ilios\Desktop\images\1415.jpg
1418,1,2,0.010404844,0.12617147,C:\Users\ilios\Desktop\images\1418.jpg
1420,1,1,0.038355224,0.188034222,C:\Users\ilios\Desktop\images\1420.jpg
1421,2,2,0.043793851,0.192480266,C:\Users\ilios\Desktop\images\1421.jpg
1422,3,4,0.067806276,0.164275736,C:\Users\ilios\Desktop\images\1422.jpg
1424,1,2,0.046293378,0.191818699,C:\Users\ilios\Desktop\images\1424.jpg
1425,7,6,0.040914707,0.135604933,C:\Users\ilios\Desktop\images\1425.jpg
1426,3,6,0.012101289,0.114663586,C:\Users\ilios\Desktop\images\1426.jpg
1427,3,3,0.033669667,0.145418271,C:\Users\ilios\Desktop\images\1427.jpg
1428,1,9,0.014856844,0.119902775,C:\Users\ilios\Desktop\images\1428.jpg
1429,4,4,0.049959697,0.180955008,C:\Users\ilios\Desktop\images\1429.jpg
1431,8,7,0.014841234,0.12844865,C:\Users\ilios\Desktop\images\1431.jpg
1432,1,7,0.053426263,0.146866053,C:\Users\ilios\Desktop\images\1432.jpg
1433,2,7,0.028894823,0.138293654,C:\Users\ilios\Desktop\images\1433.jpg
1438,15,2,0.033209911,0.175664246,C:\Users\ilios\Desktop\images\1438.jpg
1439,2,7,0.032123557,0.135579094,C:\Users\ilios\Desktop\images\1439.jpg
1440,2,2,0.055975803,0.154884934,C:\Users\ilios\Desktop\images\1440.jpg
1441,2,3,0.00993425,0.111034609,C:\Users\ilios\Desktop\images\1441.jpg
1442,1,2,0.027212397,0.124943458,C:\Users\ilios\Desktop\images\1442.jpg
1443,1,6,0.068591958,0.158704534,C:\Users\ilios\Desktop\images\1443.jpg
1444,1,7,0.046787239,0.14131996,C:\Users\ilios\Desktop\images\1444.jpg
1446,2,2,0.026926143,0.12604332,C:\Users\ilios\Desktop\images\1446.jpg
1447,6,7,0.03958555,0.129560083,C:\Users\ilios\Desktop\images\1447.jpg
1448,1,6,0.012422144,0.113706276,C:\Users\ilios\Desktop\images\1448.jpg
1450,2,4,0.004713868,0.110224672,C:\Users\ilios\Desktop\images\1450.jpg
1452,1,4,0.019221049,0.134649932,C:\Users\ilios\Desktop\images\1452.jpg
1453,4,7,0.013887518,0.117329441,C:\Users\ilios\Desktop\images\1453.jpg
1454,2,8,0.016618812,0.128159627,C:\Users\ilios\Desktop\images\1454.jpg
1455,5,2,0.012567011,0.125041053,C:\Users\ilios\Desktop\images\1455.jpg
1456,1,3,0.025410459,0.149689376,C:\Users\ilios\Desktop\images\1456.jpg
1457,1,3,0.010871162,0.112154245,C:\Users\ilios\Desktop\images\1457.jpg
1459,2,1,0.046624077,0.185559332,C:\Users\ilios\Desktop\images\1459.jpg
1460,3,7,0.020044415,0.122422598,C:\Users\ilios\Desktop\images\1460.jpg
1461,4,3,0.059814331,0.1558595,C:\Users\ilios\Desktop\images\1461.jpg
1462,1,6,0.004737234,0.105015524,C:\Users\ilios\Desktop\images\1462.jpg
1464,1,1,0.071781716,0.20173341,C:\Users\ilios\Desktop\images\1464.jpg
1465,4,1,0.113301669,0.208712444,C:\Users\ilios\Desktop\images\1465.jpg
1466,1,2,0.049818508,0.148060769,C:\Users\ilios\Desktop\images\1466.jpg
1467,2,2,0.09177704,0.167188212,C:\Users\ilios\Desktop\images\1467.jpg
1468,1,1,0.100983501,0.296797216,C:\Users\ilios\Desktop\images\1468.jpg
1469,4,4,0.030951,0.141761169,C:\Users\ilios\Desktop\images\1469.jpg
1470,5,1,0.209506723,0.454494923,C:\Users\ilios\Desktop\images\1470.jpg
1471,2,1,0.141822072,0.330689937,C:\Users\ilios\Desktop\images\1471.jpg
1472,11,4,0.073061259,0.171984866,C:\Users\ilios\Desktop\images\1472.jpg
1473,3,2,0.089322553,0.231371149,C:\Users\ilios\Desktop\images\1473.jpg
1474,3,1,0.154036437,0.305992872,C:\Users\ilios\Desktop\images\1474.jpg
1475,4,7,0.006733455,0.106632337,C:\Users\ilios\Desktop\images\1475.jpg
1477,2,1,0.089013828,0.2581397,C:\Users\ilios\Desktop\images\1477.jpg
1478,1,0,0.073332002,0.246135443,C:\Users\ilios\Desktop\images\1478.jpg
1479,4,6,0.026412099,0.127190605,C:\Users\ilios\Desktop\images\1479.jpg
1480,2,2,0.187227384,0.389164239,C:\Users\ilios\Desktop\images\1480.jpg
1481,2,3,0.110553571,0.231475443,C:\Users\ilios\Desktop\images\1481.jpg
1483,1,10,0.009467732,0.12903899,C:\Users\ilios\Desktop\images\1483.jpg
1484,1,0,0.063437199,0.278974265,C:\Users\ilios\Desktop\images\1484.jpg
1485,1,4,0.01566281,0.123267718,C:\Users\ilios\Desktop\images\1485.jpg
1486,2,2,0.053051319,0.242575973,C:\Users\ilios\Desktop\images\1486.jpg
1487,3,2,0.02765545,0.127857223,C:\Users\ilios\Desktop\images\1487.jpg
1491,1,2,0.052131409,0.1838644,C:\Users\ilios\Desktop\images\1491.jpg
1492,3,4,0.054537871,0.154130906,C:\Users\ilios\Desktop\images\1492.jpg
1494,1,1,0.073062153,0.247587353,C:\Users\ilios\Desktop\images\1494.jpg
1495,1,2,0.052136181,0.221492231,C:\Users\ilios\Desktop\images\1495.jpg
1496,1,2,0.151867608,0.36800608,C:\Users\ilios\Desktop\images\1496.jpg
1497,3,4,0.023078369,0.139772817,C:\Users\ilios\Desktop\images\1497.jpg
1498,1,2,0.026905164,0.167023286,C:\Users\ilios\Desktop\images\1498.jpg
1499,1,2,0.057584254,0.20540072,C:\Users\ilios\Desktop\images\1499.jpg
1500,5,2,0.034467082,0.137812972,C:\Users\ilios\Desktop\images\1500.jpg
1502,1,3,0.090613928,0.218411177,C:\Users\ilios\Desktop\images\1502.jpg
1503,2,0,0.099567245,0.313540041,C:\Users\ilios\Desktop\images\1503.jpg
1506,1,2,0.00708046,0.128101125,C:\Users\ilios\Desktop\images\1506.jpg
1507,2,2,0.023812945,0.175909996,C:\Users\ilios\Desktop\images\1507.jpg
1508,2,10,0.012588587,0.13362211,C:\Users\ilios\Desktop\images\1508.jpg
1509,7,0,0.044092733,0.193356991,C:\Users\ilios\Desktop\images\1509.jpg
1510,3,1,0.039440981,0.21573621,C:\Users\ilios\Desktop\images\1510.jpg
1511,1,10,0.012872852,0.130791023,C:\Users\ilios\Desktop\images\1511.jpg
1512,1,0,0.033066137,0.176098004,C:\Users\ilios\Desktop\images\1512.jpg
1528,1,2,0.022202803,0.165253729,C:\Users\ilios\Desktop\images\1528.jpg
1530,3,1,0.049641327,0.18107307,C:\Users\ilios\Desktop\images\1530.jpg
1532,5,4,0.029587242,0.120623529,C:\Users\ilios\Desktop\images\1532.jpg
1533,1,7,0.013459181,0.118470766,C:\Users\ilios\Desktop\images\1533.jpg
1535,1,0,0.082317136,0.215690032,C:\Users\ilios\Desktop\images\1535.jpg
1537,2,2,0.019471708,0.115253009,C:\Users\ilios\Desktop\images\1537.jpg
1538,3,0,0.011985952,0.13493599,C:\Users\ilios\Desktop\images\1538.jpg
1539,1,4,0.022062709,0.115599982,C:\Users\ilios\Desktop\images\1539.jpg
1541,1,2,0.006329378,0.132022798,C:\Users\ilios\Desktop\images\1541.jpg
1553,2,4,0.013878271,0.130889893,C:\Users\ilios\Desktop\images\1553.jpg
1554,2,0,0.002778497,0.105802245,C:\Users\ilios\Desktop\images\1554.jpg
1555,1,1,0.104061104,0.277791589,C:\Users\ilios\Desktop\images\1555.jpg
1557,3,2,0.065082438,0.204232901,C:\Users\ilios\Desktop\images\1557.jpg
1559,1,2,0.027899646,0.141228363,C:\Users\ilios\Desktop\images\1559.jpg
1560,4,1,0.07175497,0.229495868,C:\Users\ilios\Desktop\images\1560.jpg
1561,12,7,0.077037594,0.142188385,C:\Users\ilios\Desktop\images\1561.jpg
1562,3,2,0.044898102,0.157511577,C:\Users\ilios\Desktop\images\1562.jpg
1563,4,2,0.032331561,0.152317047,C:\Users\ilios\Desktop\images\1563.jpg
1564,10,2,0.034123756,0.167374983,C:\Users\ilios\Desktop\images\1564.jpg
1565,8,2,0.056675678,0.211817846,C:\Users\ilios\Desktop\images\1565.jpg
1566,5,2,0.037628801,0.139811009,C:\Users\ilios\Desktop\images\1566.jpg
1567,2,2,0.11250684,0.253958821,C:\Users\ilios\Desktop\images\1567.jpg
1568,5,2,0.031048937,0.137719259,C:\Users\ilios\Desktop\images\1568.jpg
1570,4,9,0.06266832,0.17055352,C:\Users\ilios\Desktop\images\1570.jpg
1571,2,2,0.02986932,0.156528935,C:\Users\ilios\Desktop\images\1571.jpg
1572,4,2,0.039335289,0.167251572,C:\Users\ilios\Desktop\images\1572.jpg
1574,2,7,0.005442279,0.118411526,C:\Users\ilios\Desktop\images\1574.jpg
1576,2,1,0.021532458,0.149402916,C:\Users\ilios\Desktop\images\1576.jpg
1577,8,1,0.022826915,0.156048834,C:\Users\ilios\Desktop\images\1577.jpg
1578,2,2,0.027443469,0.134365916,C:\Users\ilios\Desktop\images\1578.jpg
1580,3,2,0.057568644,0.196945608,C:\Users\ilios\Desktop\images\1580.jpg
1581,2,1,0.120192148,0.275218338,C:\Users\ilios\Desktop\images\1581.jpg
1582,1,1,0.02838058,0.170840532,C:\Users\ilios\Desktop\images\1582.jpg
1584,9,2,0.034206679,0.135899395,C:\Users\ilios\Desktop\images\1584.jpg
1585,7,3,0.032711676,0.124916434,C:\Users\ilios\Desktop\images\1585.jpg
1586,4,4,0.057390965,0.157120854,C:\Users\ilios\Desktop\images\1586.jpg
1587,4,2,0.100545818,0.240071326,C:\Users\ilios\Desktop\images\1587.jpg
1599,1,2,0.026922862,0.188566625,C:\Users\ilios\Desktop\images\1599.jpg
1600,8,0,0.034160843,0.165447801,C:\Users\ilios\Desktop\images\1600.jpg
1602,1,9,0.014743893,0.123711534,C:\Users\ilios\Desktop\images\1602.jpg
1603,4,2,0.040283039,0.168683961,C:\Users\ilios\Desktop\images\1603.jpg
1604,2,2,0.050967501,0.208037734,C:\Users\ilios\Desktop\images\1604.jpg
1608,5,2,0.025797434,0.16452162,C:\Users\ilios\Desktop\images\1608.jpg
1609,1,2,0.057416717,0.230735809,C:\Users\ilios\Desktop\images\1609.jpg
1610,2,7,0.035662906,0.135335892,C:\Users\ilios\Desktop\images\1610.jpg
1611,3,2,0.035846848,0.18379575,C:\Users\ilios\Desktop\images\1611.jpg
1612,1,2,0.020924752,0.130246475,C:\Users\ilios\Desktop\images\1612.jpg
1615,2,1,0.039560096,0.163267285,C:\Users\ilios\Desktop\images\1615.jpg
1616,1,0,0.033276229,0.1706025,C:\Users\ilios\Desktop\images\1616.jpg
1622,6,2,0.00710641,0.133270621,C:\Users\ilios\Desktop\images\1622.jpg
1623,2,2,0.005618765,0.125607535,C:\Users\ilios\Desktop\images\1623.jpg
1624,2,0,0.305862461,0.569065034,C:\Users\ilios\Desktop\images\1624.jpg
1625,6,2,0.017134845,0.129573077,C:\Users\ilios\Desktop\images\1625.jpg
1626,5,2,0.033865441,0.18391405,C:\Users\ilios\Desktop\images\1626.jpg
1627,4,2,0.053109087,0.240443245,C:\Users\ilios\Desktop\images\1627.jpg
1628,3,2,0.05003208,0.240548134,C:\Users\ilios\Desktop\images\1628.jpg
1631,1,2,0.022488461,0.170055404,C:\Users\ilios\Desktop\images\1631.jpg
1632,6,2,0.037595891,0.152573213,C:\Users\ilios\Desktop\images\1632.jpg
1633,2,2,0.0311249,0.149046883,C:\Users\ilios\Desktop\images\1633.jpg
1634,2,6,0.0138732,0.136620373,C:\Users\ilios\Desktop\images\1634.jpg
1635,2,2,0.012010809,0.122886978,C:\Users\ilios\Desktop\images\1635.jpg
1637,1,2,0.062711969,0.218976453,C:\Users\ilios\Desktop\images\1637.jpg
1638,5,0,0.103802292,0.340095043,C:\Users\ilios\Desktop\images\1638.jpg
1639,5,3,0.03010238,0.12063165,C:\Users\ilios\Desktop\images\1639.jpg
1640,6,2,0.014507751,0.1405247,C:\Users\ilios\Desktop\images\1640.jpg
1641,10,6,0.007258734,0.124652192,C:\Users\ilios\Desktop\images\1641.jpg
1642,2,2,0.046048089,0.219750911,C:\Users\ilios\Desktop\images\1642.jpg
1643,3,3,0.055954823,0.143297821,C:\Users\ilios\Desktop\images\1643.jpg
1644,2,2,0.080722903,0.292690545,C:\Users\ilios\Desktop\images\1644.jpg
1645,2,2,0.010307603,0.150473133,C:\Users\ilios\Desktop\images\1645.jpg
1646,4,9,0.023403002,0.122639075,C:\Users\ilios\Desktop\images\1646.jpg
1649,2,2,0.029539417,0.178728312,C:\Users\ilios\Desktop\images\1649.jpg
1650,9,2,0.024031588,0.169383779,C:\Users\ilios\Desktop\images\1650.jpg
1652,1,7,0.024757712,0.124672972,C:\Users\ilios\Desktop\images\1652.jpg
1653,3,2,0.027052914,0.143207714,C:\Users\ilios\Desktop\images\1653.jpg
1654,1,1,0.011630695,0.137020409,C:\Users\ilios\Desktop\images\1654.jpg
1655,4,0,0.030238696,0.210180283,C:\Users\ilios\Desktop\images\1655.jpg
1656,8,0,0.030612148,0.198532373,C:\Users\ilios\Desktop\images\1656.jpg
1657,1,2,0.001894579,0.10630592,C:\Users\ilios\Desktop\images\1657.jpg
1658,2,0,0.093171123,0.263943613,C:\Users\ilios\Desktop\images\1658.jpg
1659,1,1,0.064637894,0.177643806,C:\Users\ilios\Desktop\images\1659.jpg
1660,3,3,0.080259368,0.204125673,C:\Users\ilios\Desktop\images\1660.jpg
1692,1,1,0.08647453,0.272337377,C:\Users\ilios\Desktop\images\1692.jpg
1693,3,7,0.001425477,0.107844152,C:\Users\ilios\Desktop\images\1693.jpg
1694,1,1,0.195995217,0.365795881,C:\Users\ilios\Desktop\images\1694.jpg
1695,3,3,0.021503723,0.125399217,C:\Users\ilios\Desktop\images\1695.jpg
1696,2,2,0.078742093,0.218876675,C:\Users\ilios\Desktop\images\1696.jpg
1710,1,1,0.219067994,0.399575114,C:\Users\ilios\Desktop\images\1710.jpg
1712,3,7,0.03770029,0.139787614,C:\Users\ilios\Desktop\images\1712.jpg
1714,1,0,0.016849088,0.158976987,C:\Users\ilios\Desktop\images\1714.jpg
1716,7,0,0.01539833,0.147230744,C:\Users\ilios\Desktop\images\1716.jpg
1717,1,0,0.054864195,0.258191317,C:\Users\ilios\Desktop\images\1717.jpg
1719,1,7,0.012258087,0.126978248,C:\Users\ilios\Desktop\images\1719.jpg
1720,2,5,0.001151452,0.103929959,C:\Users\ilios\Desktop\images\1720.jpg
1721,1,9,0.013273847,0.122113451,C:\Users\ilios\Desktop\images\1721.jpg
1724,1,7,0.093280892,0.180355847,C:\Users\ilios\Desktop\images\1724.jpg
1725,1,1,0.067944879,0.211992189,C:\Users\ilios\Desktop\images\1725.jpg
1728,10,2,0.029752989,0.165571496,C:\Users\ilios\Desktop\images\1728.jpg
1729,1,9,0.060790219,0.162919596,C:\Users\ilios\Desktop\images\1729.jpg
1730,6,7,0.021886323,0.135293573,C:\Users\ilios\Desktop\images\1730.jpg
1737,5,2,0.054575057,0.202606365,C:\Users\ilios\Desktop\images\1737.jpg
1738,5,2,0.113107983,0.253433526,C:\Users\ilios\Desktop\images\1738.jpg
1740,1,1,0.167550827,0.358493596,C:\Users\ilios\Desktop\images\1740.jpg
1742,6,1,0.03151436,0.117668048,C:\Users\ilios\Desktop\images\1742.jpg
1750,3,9,0.021004196,0.125865191,C:\Users\ilios\Desktop\images\1750.jpg
1752,3,1,0.010961046,0.123171948,C:\Users\ilios\Desktop\images\1752.jpg
1753,14,0,0.003118541,0.113953546,C:\Users\ilios\Desktop\images\1753.jpg
1754,3,4,0.046846597,0.147128925,C:\Users\ilios\Desktop\images\1754.jpg
1755,2,2,0.044022437,0.163910419,C:\Users\ilios\Desktop\images\1755.jpg
1756,1,2,0.010130521,0.121673301,C:\Users\ilios\Desktop\images\1756.jpg
1757,2,2,0.027947371,0.12461295,C:\Users\ilios\Desktop\images\1757.jpg
1758,6,2,0.044262457,0.123890266,C:\Users\ilios\Desktop\images\1758.jpg
1759,8,7,0.006231839,0.11290504,C:\Users\ilios\Desktop\images\1759.jpg
1760,2,1,0.050504862,0.203624666,C:\Users\ilios\Desktop\images\1760.jpg
1761,5,9,0.018063505,0.121017128,C:\Users\ilios\Desktop\images\1761.jpg
1767,2,7,0.021673248,0.123762116,C:\Users\ilios\Desktop\images\1767.jpg
1770,2,2,0.015582869,0.137249053,C:\Users\ilios\Desktop\images\1770.jpg
1771,3,2,0.113047232,0.318181485,C:\Users\ilios\Desktop\images\1771.jpg
1772,2,6,0.015776357,0.120336525,C:\Users\ilios\Desktop\images\1772.jpg
1775,5,2,0.011601165,0.129078075,C:\Users\ilios\Desktop\images\1775.jpg
1776,3,2,0.094239878,0.293150693,C:\Users\ilios\Desktop\images\1776.jpg
1777,1,3,0.074493224,0.193291053,C:\Users\ilios\Desktop\images\1777.jpg
1778,3,0,0.118146411,0.246979922,C:\Users\ilios\Desktop\images\1778.jpg
1782,3,2,0.005186948,0.118191503,C:\Users\ilios\Desktop\images\1782.jpg
1783,2,2,0.027434023,0.126238286,C:\Users\ilios\Desktop\images\1783.jpg
1788,1,2,0.038563029,0.173721567,C:\Users\ilios\Desktop\images\1788.jpg
1789,1,9,0.023319184,0.128889561,C:\Users\ilios\Desktop\images\1789.jpg
1790,4,2,0.133698981,0.311860502,C:\Users\ilios\Desktop\images\1790.jpg
1792,1,2,0.191221367,0.371103734,C:\Users\ilios\Desktop\images\1792.jpg
1793,1,4,0.032503871,0.150148585,C:\Users\ilios\Desktop\images\1793.jpg
1794,3,4,0.055164269,0.14220801,C:\Users\ilios\Desktop\images\1794.jpg
1795,2,2,0.031377149,0.145984158,C:\Users\ilios\Desktop\images\1795.jpg
1796,3,4,0.030874937,0.144383624,C:\Users\ilios\Desktop\images\1796.jpg
1797,2,6,0.027474789,0.124359615,C:\Users\ilios\Desktop\images\1797.jpg
1798,3,2,0.024034471,0.143022269,C:\Users\ilios\Desktop\images\1798.jpg
1799,1,2,0.046115302,0.141170666,C:\Users\ilios\Desktop\images\1799.jpg
1810,3,9,0.053354973,0.150824234,C:\Users\ilios\Desktop\images\1810.jpg
1817,5,1,0.015591321,0.123399697,C:\Users\ilios\Desktop\images\1817.jpg
1818,1,2,0.035033326,0.145947024,C:\Users\ilios\Desktop\images\1818.jpg
1825,1,2,0.012007627,0.120630413,C:\Users\ilios\Desktop\images\1825.jpg
1828,2,3,0.007309642,0.120657049,C:\Users\ilios\Desktop\images\1828.jpg
1836,7,4,0.022236311,0.155708998,C:\Users\ilios\Desktop\images\1836.jpg
1838,2,2,0.023302381,0.146298453,C:\Users\ilios\Desktop\images\1838.jpg
1839,1,2,0.025735092,0.155998409,C:\Users\ilios\Desktop\images\1839.jpg
1840,1,2,0.021378543,0.14344576,C:\Users\ilios\Desktop\images\1840.jpg
1841,3,0,0.030874539,0.197877705,C:\Users\ilios\Desktop\images\1841.jpg
1842,4,2,0.005305466,0.12327607,C:\Users\ilios\Desktop\images\1842.jpg
1843,2,1,0.028860222,0.142644256,C:\Users\ilios\Desktop\images\1843.jpg
1844,3,2,0.003713122,0.11560823,C:\Users\ilios\Desktop\images\1844.jpg
1845,3,2,0.022197235,0.17994839,C:\Users\ilios\Desktop\images\1845.jpg
1846,7,7,0.014249039,0.111475296,C:\Users\ilios\Desktop\images\1846.jpg
1847,2,2,0.02367464,0.19142884,C:\Users\ilios\Desktop\images\1847.jpg
1848,7,6,0.010707106,0.119999774,C:\Users\ilios\Desktop\images\1848.jpg
1849,1,2,0.012345186,0.150729388,C:\Users\ilios\Desktop\images\1849.jpg
1850,5,6,0.02120335,0.122989729,C:\Users\ilios\Desktop\images\1850.jpg
